{"SINGLE_POINT": {"f4": {"0.0": [4156.885202080172, 4160.470707775283, 4622.729452112411, 4715.004710487223, 4410.400449218492, 4431.054730520023, 4051.2921828664357, 5207.579093001515, 4637.095263828895, 4805.878661975907, 4565.065884251088, 4603.775213414935, 3776.9241478901813, 5044.80087016587, 4541.644910395617, 5132.933608131612, 4636.200821899487, 4334.6604232990885, 4667.073743302414, 4394.288777798431, 4053.993273716764, 4471.655034610578, 4772.576923839237, 5020.430094450143, 4296.451674653472], "0.25": [1544.3431128701784, 1515.0390808850898, 1848.3081748937366, 1516.183613700073, 1398.8982783822955, 1805.1456042302098, 1362.6993789311475, 1441.1150151337115, 1518.4200261237404, 1387.714786539705, 1495.2793117606152, 1727.5944863396558, 2120.6211985752325, 1289.750539679105, 1460.5835670083632, 1315.4165798293702, 1773.2081331624693, 1275.218490606415, 1401.5157140156853, 1615.7056302130384, 1620.215061614169, 1818.2304312638253, 1385.9193319666088, 1625.537783407834, 1499.09559138647], "0.5": [834.4982888578367, 883.7541706385998, 998.6579197236044, 1024.8707201026439, 1088.2386247476638, 990.0805248795284, 805.2387778427651, 950.6172773943808, 896.2912255912527, 935.5923011071034, 1029.8953908638646, 1038.1046045600328, 999.0371717701528, 1042.3430909838853, 958.8094488458204, 954.3015322503697, 951.0584905118376, 1031.1588098489567, 811.2812037038675, 976.6823909060613, 910.0903383833452, 947.2323801315374, 964.1629258327903, 865.2172186984154, 1139.2694593068504], "0.75": [757.6873029025611, 754.4458783514174, 845.9490746680606, 711.632799262057, 734.2339022181857, 754.158681776099, 790.4210542376709, 730.955414065983, 777.221522353319, 748.7568187287538, 785.162610941391, 716.193805258719, 726.7419452382987, 651.4897942740508, 711.5996261091161, 737.1225137755044, 707.4671015019378, 729.6098672877661, 735.1981877959824, 776.6540663601709, 721.1271162264845, 861.9104145106396, 688.1595558350746, 808.8707558088154, 786.0304750434325], "1.0": [679.6250499867135, 615.3619310813542, 620.4667647490669, 665.9973615935413, 642.0905337189101, 641.6107138250051, 636.2392108078529, 638.4237605098206, 800.6934627883079, 717.5142960710601, 670.9231156887404, 703.2719598260628, 650.8419441528584, 691.0971699612944, 689.8960290101203, 711.8577609052024, 684.8832655059613, 660.1029154931699, 700.621554363852, 566.375307403776, 671.3180029149721, 638.4254620634064, 684.6288000888716, 726.0675862373957, 607.0830489739024]}, "f9": {"0.0": [3360.060581274056, 2149.5081255998575, 3031.716623673606, 2744.504989643694, 2933.7828946375093, 2688.096797033068, 2971.273263101519, 2107.2650271567627, 2760.56413104311, 2489.2374773968927, 1811.4995702129013, 2704.9219036413187, 2635.682747350419, 2245.7566061179477, 2740.0092621398917, 2755.4052997746767, 2580.529437665321, 2559.410222882636, 2663.74509344297, 2613.2392810218475, 3065.593494188684, 3150.77816483282, 2956.4930224786594, 2437.5846049736147, 2263.4385567772333], "0.25": [1661.4524326729547, 1875.2784990251416, 1723.818094137128, 1974.5133092208755, 1604.1611912417338, 2034.7980027810063, 1862.4474932084308, 1861.2629551710288, 2088.437192146289, 1778.0786057655002, 1948.9305338391061, 2072.8762811186925, 1733.0950337721645, 1639.3176932805945, 1842.6558653049628, 1793.2267942223648, 1690.28659175126, 1774.5420404901902, 1547.0783204890745, 1612.8025364083023, 1822.6646149974888, 1748.9896535570895, 1864.486129905535, 2029.5120091261088, 1981.9716287582514], "0.5": [1561.6433475132949, 1603.3104110460663, 1779.7450916298415, 1917.835884879025, 1691.5175341192876, 1628.6348286461202, 1633.3588734059185, 1860.599724962593, 1681.147435269761, 1544.7196516774868, 1682.9593188097047, 1811.4341673493018, 1582.6175987870342, 1629.891380008441, 1533.8445319497637, 2463.545077505915, 1550.1094406063626, 1654.8569468379524, 1638.0166736115118, 1715.0349772664038, 1734.3086870075463, 1846.5479887019058, 1718.595792770391, 1866.0056045146307, 1545.37025720516], "0.75": [1552.706833378109, 1893.078043910343, 1782.980786681667, 1575.5530286978556, 1647.3223650827836, 1445.641015853655, 1724.3422065451773, 1569.4570102436028, 1668.6579302449427, 1638.6550859462836, 1673.1436997057058, 1698.3727803990125, 1503.1124371126966, 1574.715377140446, 1729.6483760167525, 1672.9273732623067, 1507.581172719602, 1606.6026255191541, 1495.9647643489543, 1596.03249454126, 1667.4276741801696, 1521.7420604394229, 1655.841125035966, 1726.75116969625, 1762.3415598884167], "1.0": [1612.4794184038813, 1613.437324600361, 1613.170278560683, 1789.3150861051297, 1591.7634679505002, 1473.8027933371332, 1555.233451404957, 1572.8370009452096, 1712.1267212676332, 1552.115715720247, 1729.7186025050664, 1768.0671286281777, 1577.4427696451414, 1560.6634798583218, 1841.8258993312431, 1712.333921811196, 1679.8872837772267, 1612.7034822960923, 1575.7896971564855, 1758.104309395537, 1575.4678086445022, 1546.7728694260827, 1662.3025870315055, 1577.1106560789517, 1621.722573357282]}}, "UNIFORM": {"f4": {"0.0": [4910.946336491348, 4907.059646201869, 4399.855451080328, 4728.031729418842, 4438.0120389035965, 4789.470769938038, 4240.663622929582, 4889.261504862604, 4158.6419636324335, 3895.2220361516647, 4236.008380375573, 5016.438294073544, 4990.919298425251, 4203.879415740576, 4701.521312224244, 4204.742604981573, 4358.532628467357, 4244.245216702335, 4270.179213781164, 4332.101381127855, 4721.393103092199, 4119.275086317621, 4249.060207152187, 4577.79277011262, 4208.290200274835], "0.25": [694.6123465283887, 735.405956212242, 552.5774177525722, 781.927717050263, 780.4811743423548, 634.3113515169956, 696.3656162342389, 704.3257760963982, 656.8430648040459, 656.377831560661, 692.5796553009877, 640.1874145006987, 689.1555843656586, 685.9101135708822, 669.9434791238447, 689.2476048247257, 687.5924970152157, 829.7622189004715, 646.4033706872689, 741.4553292199936, 708.7776188713432, 662.8470666532056, 699.9159796587019, 698.2167564274262, 681.8203036992932], "0.5": [548.6160520221347, 499.48994906938503, 515.3674806026421, 508.5400900552728, 511.3771739332361, 517.989814262822, 536.8995329042157, 500.71213426857423, 473.19301948907344, 555.8148311484046, 494.1731188638671, 519.5086908371907, 512.1457843141778, 523.6787675502217, 530.6418208579388, 557.0301995510216, 537.6801105005584, 512.3950794975704, 484.53568273854455, 508.7004817933577, 530.3598564981993, 531.5212878949677, 524.2616425844835, 512.3638159900648, 515.269642293803], "0.75": [465.20837728799745, 483.9700337406017, 460.83691815943916, 437.61366104669474, 487.0294864463572, 481.03756329392695, 458.3597923759114, 493.73368123974893, 448.8584566378113, 476.23974226394176, 480.99230291845856, 473.79242016659293, 441.90658679439576, 475.5593828415495, 485.0868475978998, 486.6967472033976, 478.7879056227655, 463.6867484927079, 475.7641700331227, 501.96736904712407, 470.39847550417267, 437.02728086629116, 463.2116334955385, 462.5855333017847, 433.5102267339024], "1.0": [435.19748401907214, 436.6324701091743, 431.47103549453135, 435.5438627920018, 431.1035381506757, 422.2149273911012, 439.18122591406916, 455.60954974500174, 425.0437321229996, 423.3940786016646, 450.19498077295526, 468.08483559498245, 448.6158782911034, 457.9714935200507, 442.4300140855404, 445.85609684133226, 435.2416988029227, 432.0916556306075, 472.61512577842683, 442.24113925268944, 444.67972668823006, 427.08781276082254, 417.9008698329268, 461.0654629533899, 431.87334607694527]}, "f9": {"0.0": [2660.6691225427294, 3184.315288551741, 2640.1914688352135, 3129.787690977768, 2674.7107995645497, 2713.999651445197, 2868.0952878097232, 2595.562230264243, 2901.8702760125366, 2594.9168318847337, 2214.379001470136, 2966.581919468503, 2463.3401297292958, 2350.840068295104, 2544.9987694947667, 2175.684283739668, 3166.594517671299, 3013.4188903376894, 2950.93931928863, 2448.3535547279785, 2824.646102880958, 3231.7359622679483, 2125.395764546478, 2504.903074110677, 2125.3637604560254],