{"SINGLE_POINT": {"f4": {"0.0": [3724.941226447043, 3962.878013917483, 2689.0640490523365, 1051.0814315666614, 3312.933793715516, 6352.4721589989795, 5911.251601322035, 2288.859136317538, 5257.571268512699, 6348.952838837663, 3501.7953198403584, 1979.062409534519, 4400.248430616572, 7541.770820225445, 8153.327979434177, 6795.953860199969, 5849.419745191406, 3333.56605543512, 926.157355605787, 5562.220792144508, 3051.3835616999972, 2493.3097827945485, 2647.982436226499, 2839.355032461351, 2792.572695170371], "0.25": [1260.966604014368, 617.2601783151069, 1253.5026774931732, 1847.3943907822768, 656.7597005831218, 1601.5326260243453, 813.552121471608, 1057.340876086354, 602.3155798794635, 635.8472872338401, 805.1539403107142, 997.4876061667975, 785.4494675402645, 857.3402572752357, 601.5924780581609, 463.45791724030465, 1184.822811689407, 734.9975580215149, 842.1292310089171, 581.8453467516463, 859.3285203376133, 782.1638045451649, 561.6151574733008, 727.5073528119683, 549.0454950576463], "0.5": [738.9870278097349, 444.49607066957975, 607.1037478676578, 467.18563704441254, 506.37086233091463, 568.5058371524374, 1256.540174985029, 589.7140938136852, 655.1936783306265, 822.5157948419592, 776.2979925174043, 804.4559866378311, 493.9984127811108, 649.1002815842456, 696.9437743305957, 472.5780321030137, 457.66591679137906, 497.83452875255443, 504.110908751213, 553.8065104565075, 774.9912044677079, 418.39376779387527, 528.7872388361085, 594.3965318614842, 777.3334156173142], "0.75": [477.97784055435847, 530.810965479067, 571.8244560665562, 485.974254509922, 481.68462902823563, 585.8329874343251, 563.7478477197405, 469.97286167813905, 549.0946040088265, 405.1351725664026, 464.63649376747424, 709.7898271318115, 491.2079116668074, 615.3365523437257, 481.0757930414298, 551.1902718795018, 505.6066982370484, 469.34694969313875, 463.7172288217642, 480.07430334905285, 407.9106347409401, 428.0913758677216, 436.20701430630527, 556.5901119407201, 582.4746015224368], "1.0": [534.1256229883008, 481.0777299397487, 533.7649738382862, 507.68831350489575, 507.2052540578522, 537.7940831192351, 466.38034892428124, 479.6072597816337, 707.735115080429, 489.47734154724395, 472.5797890150311, 522.0536208719208, 599.3782906185893, 460.90048002953563, 485.6844694234137, 568.2483748434194, 511.51514654278884, 494.9316823426393, 498.994519400571, 430.80463007509366, 478.3244865997956, 496.7335174600812, 459.97110034674006, 506.6335766242152, 502.69473160811367]}, "f9": {"0.0": [3710.61071866255, 3877.3954763508737, 2947.5894212520643, 3624.552399043256, 5351.7800527425115, 4531.243176308163, 5128.927235253214, 5085.5388909195335, 2630.174984099919, 4632.672792877167, 3519.5677269453327, 6089.565012231948, 3294.3546452214964, 3090.5292902906704, 8809.893618608268, 4594.6965403252325, 4913.966429119978, 6332.758963752904, 5419.4092314683385, 4616.739136436865, 5770.677149166021, 4408.615963320743, 5053.132895477954, 3572.2376676676436, 6191.929278312941], "0.25": [1452.0067504179426, 2146.4076806197845, 1617.0965498702383, 1805.3629246639416, 1689.167217124814, 2358.54436714802, 1844.009014863046, 2464.013959289936, 2769.8518817328513, 2778.070705533476, 2046.558136108489, 2807.1963195130866, 2059.1923504413653, 1635.3100221362681, 2309.219732717269, 3283.939557177431, 2132.0032828545495, 2532.980169270277, 2432.4578877137174, 1766.9033879707315, 2895.9229285884776, 2215.9887437552807, 2526.9392456291216, 1787.6296789705452, 3417.0275257628728], "0.5": [1855.0500073788837, 1374.2666455260255, 1704.5481142750193, 1998.39665695725, 3321.5720482475836, 1672.070473104481, 1849.3052857812977, 2719.7130867717096, 1540.6991419488504, 2740.73630404755, 1731.6929009900323, 1888.0185099732662, 3131.2128073007966, 2680.343829021397, 2304.188221708764, 3243.3037945559336, 2617.6019180093604, 2673.345328165091, 1684.1312450072087, 1675.180623731023, 1678.1947799616944, 3648.3828214746727, 1683.332396827715, 1664.8088551192727, 2572.997008271661], "0.75": [1409.8185076733034, 1436.2840877669205, 2279.421713719804, 2562.67679565118, 1923.4886114256158, 2640.0121294299533, 1124.7463411799654, 1526.009682463558, 1524.3092214902058, 1986.1262978461136, 1630.8344737444336, 1697.683426138894, 1369.8514702902553, 1363.4409669497052, 2071.89535314649, 2583.693247826207, 1429.1314189900263, 2028.8909186800922, 1966.984738277559, 1450.9060092087666, 1662.2702336024636, 1240.823220261577, 2559.791296433619, 1921.249862873794, 1393.7107346626558], "1.0": [2314.8573117817214, 1899.1474248601116, 2090.3939978831386, 1456.8148257074356, 3000.5070834363933, 1645.3839918649041, 1121.4554970254067, 2016.8670012904292, 1901.1174778830382, 2271.760218212425, 1760.1916193607804, 1786.074457149061, 1159.785805176863, 1856.6214680169587, 1694.1506567260933, 1184.0213014571161, 2105.240761033789, 2824.44966246244, 2498.782631399525, 1841.6482409552689, 1942.01972311459, 2501.437460701625, 1820.7256684527329, 1811.4268492780207, 1527.5035175073522]}}, "UNIFORM": {"f4": {"0.0": [3724.1018642178424, 1953.9461434316947, 4378.91435686384, 1797.4165940177763, 9842.700402963912, 2079.5499162761016, 1225.2038897336706, 4090.38711947955, 2221.8986261829705, 1164.8412621821603, 3141.315281470668, 5919.158505820398, 1079.7970773197376, 4538.426180859165, 3495.6689255267975, 2063.9836521343896, 3728.477648330358, 1874.0015818694553, 1939.4894524563797, 3940.4760375834785, 1496.6309289237556, 6838.962821178544, 2849.2175870250876, 5042.258284873925, 6462.128174214771], "0.25": [490.9137783051042, 655.6591039556336, 973.8308469818853, 508.5586034487976, 419.85929352678437, 441.20494489411465, 616.3460545204917, 448.04743362615847, 604.7549727314483, 433.89009373324717, 587.8374510232254, 505.3183503614384, 482.19055845711284, 521.1683298725833, 625.6618499070131, 593.4361566768082, 491.87017012421785, 459.9942940148817, 435.6946394525561, 569.5706034546054, 472.0406030359143, 647.9953274815014, 553.0434757952469, 519.2768964151267, 506.09749826623585], "0.5": [557.7954182673361, 563.4941884313718, 463.3143841893913, 415.11770960304705, 466.33230560717595, 558.8781110510174, 545.0767466020235, 476.40565831010224, 473.2878058356535, 468.3249836692227, 588.9072061793632, 499.4465628803292, 506.0537294448426, 513.7376037079931, 666.8045323777163, 501.05336605725967, 425.3229998821134, 408.8903227915434, 408.69605618445087, 484.16917935915313, 410.63708237666, 425.21738711289885, 486.7801704890387, 426.2851798620052, 408.73338938010914], "0.75": [418.74238251052674, 412.71680969517826, 408.10578407773926, 491.6446782027282, 475.1585472261745, 469.93084955315595, 400.5762811615185, 405.764606553915, 466.0545262602128, 415.4991477491067, 472.86944451286934, 484.9058991072984, 473.14374103217875, 504.1482111200967, 462.0163846323465, 426.11610980654876, 450.56658243442564, 462.7380827082542, 528.4102688491319, 402.1419296177978, 604.4350954318627, 406.055708461172, 404.8333421855227, 417.6662656994046, 426.6682157004232], "1.0": [425.6827282963457, 519.8114631448068, 406.045418488898, 404.71008026231726, 413.41438485923794, 406.69649056558677, 488.715384776608, 404.4839884445725, 407.8353729414489, 407.5462701896539, 423.08744811279155, 408.52302827847143, 469.6441059852115, 407.4085951695912, 504.22499363921315, 478.6546854277669, 479.37989202153324, 435.4414873268694, 403.2362547837529, 408.01927589967437, 531.715074345974, 408.1782579982159, 400.34384654307763, 494.4513824564863, 408.0786194380201]}, "f9": {"0.0": [2236.381169889558, 4564.370613279785, 4820.766176132198, 6321.986848549874, 2705.574529136223, 5142.841655372938, 4274.041121490696, 4376.426695470958, 6017.070542271263, 3903.550502359758, 5772.486371406511, 6693.779074903613, 3481.689746249636, 5053.812216705473, 2539.871640033697, 5421.168119523678, 5313.951155782145, 3724.450278294717, 3616.8809527494386, 3676.9258683485477, 8284.240322665655, 3864.646567765617, 6526.664574459022, 3696.1802891550215, 4466.4330139646945],