Statystyka,Wartość
Value mean,463.6868748189632
Value min,406.35777920097166
Value max,576.1041348812826
Value std,44.63130967711202
