Statystyka,Wartość
Value mean,1284.2322081779241
Value min,951.2566013109545
Value max,3161.5658954700716
Value std,406.3544173752493
