{
    "f4": {
        "comb_0": [
            4391.101563931919,
            3921.577669093836,
            3576.466867030191,
            3230.6430629922747,
            2907.212967055789,
            2615.599936638228,
            2323.894005917294,
            2079.3931553437883,
            1875.7878258912942,
            1668.1574129559172,
            1485.4974498329568,
            1316.1844089106446,
            1202.939462032372,
            1098.1934021424622,
            1020.2881016485402,
            946.7453520903633,
            879.4525979541877,
            811.4459605498101,
            776.1052105897511,
            731.9942511332744,
            708.6687797428176,
            683.1145390753732,
            667.4198822541271,
            644.6990367979594,
            630.3987273135194,
            610.0521635721279,
            594.500082410775,
            581.8799205375434,
            568.4010905417041,
            559.5592599834424,
            546.892541700902
        ],
        "comb_1": [
            4379.831964308699,
            4022.5182753500912,
            3629.027436965713,
            3239.4891036846598,
            2852.820173868339,
            2498.891345009548,
            2241.9852267237907,
            2018.552119294777,
            1788.2451273534762,
            1645.4649709289015,
            1458.9529687442969,
            1322.8073072973855,
            1215.1971755331228,
            1108.6666185103559,
            1034.4522664303659,
            953.8866223035226,
            895.6873323408354,
            840.8323360815862,
            789.2276851379212,
            749.3290675494005,
            707.3369731187671,
            676.7494251244002,
            653.4458033668957,
            637.0584232595443,
            622.046006783631,
            610.304282475391,
            597.7363487801153,
            583.3000688031383,
            572.2552776244319,
            561.5565667100532,
            552.038266006668
        ],
        "comb_2": [
            4234.791010047416,
            3657.6678079494177,
            3116.236115898371,
            2682.196777408362,
            2311.717474802065,
            2024.1308125475684,
            1728.144072799854,
            1484.1681572116684,
            1301.3090455092881,
            1137.6288743862453,
            1008.8099118366817,
            914.6627815799118,
            828.566686831163,
            761.0713207813318,
            708.7431240257829,
            669.3310743290137,
            638.9195671016428,
            607.595755281568,
            583.2656858306476,
            563.7490618177468,
            547.5147698123084,
            532.6887675729937,
            521.8859749183897,
            511.1838974177371,
            501.52926648883005,
            492.28130218962184,
            484.9165898870711,
            477.79134892445853,
            471.09398425920784,
            464.94916385994026,
            459.6352217234511
        ],
        "comb_3": [
            4403.499257059921,
            4001.0568817234534,
            3557.4849573570873,
            3253.2856256601667,
            2954.548774310604,
            2660.6639383990755,
            2460.5818720959332,
            2256.608711655065,
            2042.5964805067354,
            1857.9752433294072,
            1707.6992004452213,
            1566.098636693256,
            1433.2706897514229,
            1328.5121139360845,
            1227.7716917237244,
            1141.9405148627338,
            1072.7650432041385,
            1006.2765815642044,
            951.6133342463312,
            887.7478974972852,
            837.3318215007258,
            796.9502448155065,
            754.5116927612881,
            727.5202694775238,
            700.9333154140944,
            683.4021024338356,
            662.6323274805831,
            648.9598112205283,
            630.8978473200312,
            620.6344706780033,
            598.4994128930629
        ],
        "comb_4": [
            3901.0073614035064,
            3397.7722216339553,
            3005.287924883723,
            2632.493710896468,
            2265.6191695888565,
            1944.8334866240207,
            1711.8951639624627,
            1518.0925038948217,
            1324.4738411294443,
            1157.035238805194,
            1021.1699212515424,
            915.8348864724494,
            838.4348263621151,
            777.8979085496973,
            730.8807778211323,
            686.9898994930386,
            658.4957189249213,
            633.6560495318862,
            607.5892490422515,
            587.1824201444555,
            572.0349961915416,
            558.1426378881708,
            547.49722014571,
            537.3081325337598,
            524.6384827086457,
            514.2030234850902,
            503.9456379455956,
            496.7797559799452,
            490.3109237719081,
            483.98281152335716,
            478.511418226229
        ],
        "comb_5": [
            4256.75975334175,
            3928.8639761022137,
            3629.1810467227124,
            3248.661779040552,
            2978.1173660378076,
            2687.1858795905587,
            2431.0721860352087,
            2216.2660699779763,
            1985.6715416712207,
            1790.8637942150845,
            1607.8324125924937,
            1454.2947467264737,
            1358.7853059326264,
            1264.6343081987743,
            1158.8867029588255,
            1086.0565111308233,
            1018.1793548730238,
            938.2801755208945,
            886.6488568822168,
            842.6302468387534,
            790.820407455794,
            748.799857446694,
            714.6824786956345,
            689.4842845511995,
            665.1250053378536,
            645.2976546137114,
            622.4162701813257,
            610.2787572631346,
            592.797429091333,
            580.4577128668876,
            571.3225598140525
        ],
        "comb_6": [
            4573.863916089683,
            4072.911041835011,
            3656.2864200444897,
            3371.3574914176047,
            3055.0344957780117,
            2771.884717726994,
            2518.4316084449993,
            2288.0558685562687,
            2102.613841682197,
            1911.3340920099927,
            1761.438713557093,
            1613.1957936627468,
            1495.7544885209195,
            1389.0924844626725,
            1287.9365173978674,
            1209.5874339024135,
            1128.5070724910179,
            1056.377780756045,
            1006.7479376473264,
            958.0900708657018,
            910.8792309852994,
            868.6095107696045,
            837.263861361895,
            800.6006715882212,
            772.7199447334318,
            744.8807065980757,
            719.3411631910623,
            700.5826421570164,
            677.6028289728346,
            660.6313292302419,
            646.6377966828892
        ]
    }
}