{"f4": {"comb_0": [1661.7687246418704, 1421.9979409481323, 1257.7315592184298, 1129.514952036703, 1029.7213245484318, 943.5995557672438, 866.0399626597303, 803.2943293241311, 744.2464911432601, 697.5031756225737, 662.1892850565357, 629.4471762223573, 602.9435724973996, 581.9678053420631, 561.8675391764273, 546.9782590162882, 534.7090923580739, 523.4068279718757, 515.0399126931361, 505.5663702838218, 498.161643413198, 490.59802757409597, 485.25511936458065, 479.5460433206699, 475.30612772553235, 471.5756842282202, 467.68763674224016, 464.3610506943943, 461.3379773605921, 458.6626183705423, 456.2297952724345], "comb_1": [1307.36105884384, 1150.5951639894918, 1034.887252168763, 922.9884219874085, 855.9250369472135, 804.4890871225246, 753.4461782210768, 707.1254310071876, 669.5571174329339, 639.7196482124365, 616.0434148377695, 594.5385019733804, 579.6538628167596, 563.2758609132338, 549.7938666724135, 537.3285381388457, 527.1832589441057, 520.074168800322, 512.8612448580922, 506.6018980017961, 501.19206308418995, 496.4958507052728, 492.47490292769356, 487.84928844322275, 483.8851698159773, 479.991621986058, 476.8455122942692, 474.6667352544612, 472.3033411872261, 470.24642250888775, 468.25184118523225], "comb_2": [1358.312485050575, 1195.6432938291532, 1067.1727348617478, 971.2739816031718, 880.6108128741917, 801.9952656388834, 754.3516270042404, 708.0349075741549, 668.0955660476196, 637.9132947391383, 608.8504096999509, 585.7203955947311, 567.2405222717798, 549.9733562377771, 534.1172420892196, 523.3191888505829, 514.0631309429566, 505.0968800174351, 498.17563926632647, 493.07183167928315, 487.91217847254256, 483.1986546256173, 479.2887093462144, 475.97759717729156, 473.3335780764223, 470.842744601035, 468.7735436071671, 466.1182866983168, 463.7566383583968, 461.87537796033, 460.1992491634173], "comb_3": [1608.5311050309842, 1392.831648263783, 1247.3990398279414, 1131.4759896352664, 1028.22004274147, 947.5812994233004, 878.1123846629997, 823.8471544546242, 764.838595537371, 720.1398754815095, 680.7640991997057, 643.9874257270711, 620.1603310024352, 596.0679080530979, 576.4637895808315, 559.0518735460748, 546.5833830651787, 533.0069419892826, 521.9527377425907, 514.5006244924026, 506.52208351970296, 500.4093370594153, 494.39402640688866, 488.9661765059449, 483.63626924942525, 479.1530225933807, 475.5918007279704, 472.6258244430244, 469.426944644991, 465.85680708360866, 463.30224238721473], "comb_4": [1256.5621046391257, 1113.1687766697619, 987.7241178976947, 892.5561254082631, 817.0620523210587, 759.1454349808857, 719.5551964683799, 679.8538160363263, 644.4328279708519, 613.2200660202789, 587.666137275874, 559.6963185487233, 547.1905971865699, 534.2302624616908, 526.5520712287539, 514.1989702940887, 504.80778293259135, 494.9736686471889, 489.8453428958655, 484.12947567404007, 476.10881388258565, 470.05482875164506, 464.55677695248045, 460.21993257512224, 456.71911805414413, 452.76682433676535, 449.89306855815636, 447.7368434292191, 445.58269102769344, 443.4014520629737, 441.7863705690389], "comb_5": [1336.1133956485187, 1117.309638921721, 999.451945860459, 916.8142007378763, 842.7800399122019, 784.4706797212774, 741.8644969155596, 711.2823844340221, 679.0948028928303, 652.4585356554282, 631.4706550131928, 608.3167917403074, 591.670360948265, 573.0978413516311, 560.7350825052764, 552.914951736864, 543.9189305778195, 533.7229662972983, 525.6503787590317, 518.9786865175697, 511.7406755082996, 505.78504721192553, 498.51753399146554, 493.3019203233147, 487.51547232441436, 483.24037119459217, 480.19511535877575, 476.96219575774586, 473.5045109642864, 470.8059145395393, 467.56456889939597], "comb_6": [2347.513988801569, 2064.680842566508, 1834.643736059917, 1643.877765688804, 1486.5267719372866, 1359.5940460926154, 1240.5678835083881, 1140.056744609747, 1053.456017086898, 970.9504334190464, 910.1436046426409, 855.1833227450361, 809.1552388402717, 768.5384102271216, 734.61341607427, 710.6287381488662, 676.0562195696672, 656.3518681996756, 631.5994744794788, 614.6554613603525, 598.1173210586347, 584.5264043766067, 569.3959937750195, 559.0064460681933, 547.9916230569895, 537.5807648427527, 527.0244767574569, 517.6192743677759, 509.9538223054907, 504.38253990853235, 496.6022996312396]}, "f9": {"comb_0": [2866.8139254088346, 2302.205754410896, 2043.1855750713078, 1966.0318972612956, 1923.108734606056, 1889.7938986627573, 1878.419471385984, 1862.963815975383, 1847.757416671244, 1838.201900049036, 1826.950809342742, 1821.917338404502, 1816.53629162942, 1813.6766553635814, 1809.6304191377722, 1805.6208874015, 1801.234667480304, 1799.0571148260296, 1796.5436052109071, 1794.0945615905646, 1791.9335443417442, 1790.7449008315818, 1789.9825948987093, 1789.4095011473476, 1788.8073585327388, 1788.527780590369, 1788.060411848079, 1786.7546022292433, 1786.101463022279, 1785.5009772536487, 1784.4285197591682], "comb_1": [2361.5822925122034, 1976.769180031705, 1830.659933173668, 1765.4977598058022, 1726.835770157954, 1713.5522201465344, 1695.5648931516698, 1680.2371549957468, 1672.8792312386008, 1667.1044486553008, 1662.0053571625776, 1657.7676624750584, 1654.1187017962418, 1649.9265176587367, 1647.063583125152, 1645.7630640760547, 1644.2140452871072, 1643.238881601971, 1640.7873696347378, 1638.6329214429088, 1636.2615022593295, 1635.1540237228976, 1631.0924873358201, 1630.3946917492253, 1628.8303273382223, 1627.771113714086, 1627.3815882003755, 1626.8890693214137, 1626.234794252978, 1626.0289546396555, 1625.0457703275895], "comb_2": [1881.020913573164, 1650.623919356836, 1585.245794996535, 1551.6855546466322, 1538.5593958857762, 1535.708963224653, 1528.5175865874228, 1500.791336018493, 1495.3488359198957, 1488.3240660614276, 1485.209608194773, 1483.7637277911274, 1482.5251844415077, 1478.3160267833573, 1474.6445244318925, 1473.0823165611055, 1471.6193522230506, 1471.343550698283, 1467.8746319995107, 1464.8817138464324, 1463.5763761365201, 1462.47063614522, 1459.794191595148, 1457.6390946878983, 1447.9590623770584, 1447.0907329298386, 1446.0953078746065, 1444.712293061909, 1444.132235268037, 1442.3926814927618, 1441.5642571702545], "comb_3": [2306.45593185037, 2068.4238179735285, 1925.5852609269257, 1864.616967910291, 1834.180507945764, 1815.033303236457, 1802.7551125020314, 1792.5746872789578, 1781.958742150882, 1770.9454779442503, 1762.7753642433877, 1759.6728545683363, 1757.6759057381316, 1755.4795078799525, 1752.4639799989493, 1748.79097170804, 1744.4783999448282, 1742.1894100772633, 1738.466583001478, 1737.6000143994463, 1736.5344365636283, 1735.177818352127, 1734.0380655911695, 1724.8879234631404, 1719.3238174085202, 1715.6483395478094, 1714.8390302706187, 1713.548997077604, 1713.2114808506528, 1712.974310899809, 1711.9159938489786], "comb_4": [2313.810818164119, 2092.0404085191217, 1955.84551913417, 1879.416291429784, 1808.9203625396744, 1782.1295192208106, 1763.6378552756703, 1746.0713570013895, 1736.9748379014648, 1717.5918651166348, 1705.8891485320576, 1696.6963443454938, 1693.5500740014324, 1686.4589705897038, 1684.153565113199, 1676.7007516378271, 1674.3916537697594, 1672.1323184870362, 1671.024729941541, 1670.4092831667713, 1667.6697148870592, 1666.4734320736065, 1663.2526849377348, 1662.2491524334155, 1661.760353953165, 1661.3549943776814, 1661.073800799407, 1660.933414914189, 1660.1451308739486, 1653.9542121772583, 1653.4183814560145], "comb_5": [2700.6719760277792, 2354.86703190639, 2245.423605894501, 2174.708223685236, 2148.1118728981382, 2085.3234016429196, 2060.0491101730704, 2042.5443739746604, 2027.8954294248074, 2020.0722787413824, 2013.0011248553355, 2000.4237571151484, 1995.8998642080953, 1986.4014856563072, 1981.6851530858862, 1979.951736909701, 1976.6287238917628, 1970.9662095774722, 1967.7267280169335, 1963.6358539734401, 1962.177082726572, 1960.4402691557648, 1959.9175526871766, 1958.131262735178, 1949.9477632566163, 1949.0330637131906, 1947.9706124514807, 1940.3415089279952, 1937.425710987487, 1936.637763281098, 1934.023376995106],