{"f4": {"comb_0": [455.2405009127637, 521.8931582493793, 423.2401389546509, 408.91691594578987, 407.6379092909723, 406.7322551022417, 403.0183035159925, 424.43374137290436, 408.2887157049015, 411.6881612145991, 540.9826088834874, 476.2280167606302, 516.5346940814594, 419.5119013626113, 473.48714695508636, 470.84118949042346, 613.3257890230167, 407.1925791494571, 457.4197938904523, 477.3584877193673, 450.71399956137054, 408.0144034652039, 435.7849958402918, 556.516631446043, 430.7428439177659], "comb_1": [402.7887648276239, 490.82904287008455, 456.2250828646355, 490.58508688550097, 495.09468032114546, 418.3571736471804, 408.841273865925, 443.8208807082003, 517.5810462701683, 408.54911362989, 519.2642009440053, 484.50133734256883, 565.2117178734476, 412.48050808462995, 539.4641389225983, 400.9810640535266, 525.3901806998475, 484.0959999481662, 429.99222721533863, 429.8656334328547, 493.84554617095114, 508.3776518999955, 409.2068759643383, 479.77464988047495, 491.17215130770853], "comb_2": [522.5281958406963, 499.77252720100506, 407.391399772621, 418.0816194270827, 514.3247230658926, 408.3837194850725, 425.813372323271, 587.4193993564336, 473.31524817558983, 412.4793746478078, 464.13954254969343, 404.69758460042783, 547.351421452522, 425.38888017613993, 406.29984832779553, 464.01539787046374, 407.4864854523254, 407.10757074294946, 407.6356300331928, 484.86180247214196, 483.1539889394177, 624.4432932368583, 491.49586827510797, 408.01692068090097, 409.37741498002225], "comb_3": [430.2941021588477, 405.1121918924338, 412.81418426274223, 441.1313436278909, 503.0460905806214, 427.2414481869702, 403.6973373276388, 422.1233416519756, 407.28680093628395, 480.50348619373375, 409.48809561653445, 428.9438508981332, 524.4855741697268, 434.9580958557199, 446.25882506163197, 484.79722824417706, 470.66361495295325, 471.4608517157127, 642.5797321417399, 635.7076103524994, 407.23310566120733, 435.8442366930496, 491.0243369403082, 561.8902480081248, 403.9703265497107], "comb_4": [477.86773107431316, 479.20421237661304, 476.41156251405073, 419.8826284025949, 408.47868003765217, 407.58001350137175, 411.79805645383897, 409.1879692088882, 406.3576888540082, 484.5899753083713, 478.81923233506166, 488.41334125446235, 405.9401958852537, 405.2193430684034, 493.71696258318724, 415.5683565890442, 435.49333008472485, 402.0266020260158, 435.694824182352, 415.25186560272147, 441.35026611988565, 485.27811731150905, 407.35350517136357, 480.79674510941015, 472.3780591708734], "comb_5": [404.6149909541464, 407.2638296379392, 475.7522693059603, 424.806630260642, 483.31348508831877, 408.4320774217186, 480.73642875393864, 468.32503306910826, 443.8733654710187, 423.6617491628021, 478.41316399499726, 406.7450708208856, 450.37213366218657, 424.204359556363, 517.7842920943668, 449.06977814413125, 424.5512158707225, 472.7249559036758, 559.5565557569535, 476.7172831667919, 612.1289828822571, 573.5070947533727, 507.1471962767172, 456.1697010226388, 459.24257945324644], "comb_6": [411.2096578043364, 406.17683033131294, 1252.553122295917, 801.9091400328514, 407.47209269417857, 475.3378144189949, 441.17057906746567, 460.5287122834143, 405.27226285057156, 500.9917446222061, 589.4465605566329, 472.3917246547514, 463.8791959365868, 486.9079586643733, 412.43408235766924, 423.3833201184267, 410.7182326205634, 477.46329091198015, 482.48002166728946, 483.7258258590864, 410.638881886273, 441.1360906939286, 405.5481798436929, 406.7999217006741, 485.48224690781046]}, "f9": {"comb_0": [2231.7128498702186, 3079.288992132813, 1352.61810258607, 1669.1591621400935, 2002.3892369156906, 1277.365436855711, 1707.3032850676695, 2461.44958896247, 1144.829474590143, 1744.4480988313435, 1386.8560376250775, 1906.0957848219875, 1391.0582220773256, 2666.0978714271546, 1664.229769673959, 1132.8722865455975, 1068.5913838328584, 1688.389485213016, 3243.3772579922206, 1415.2224115476606, 1759.7167152364043, 2157.5808056511887, 1467.9729940183777, 1249.146268996255, 1742.9414713678939], "comb_1": [1759.6363622129932, 1519.81970600073, 1130.0706065876197, 2512.9530939913557, 1617.851658029039, 1628.679315432068, 1424.1674068759025, 1644.463120457311, 1169.1833544303863, 1740.4733641815073, 2677.7917694764806, 1073.2420605508112, 1204.5381031751174, 1484.8220630584153, 2109.9032642808634, 1177.4367484441177, 1421.9954805366322, 1437.1267652849092, 1709.6787425191606, 1705.6866942759982, 1587.311412216078, 1544.1935317848202, 2043.9457428941319, 1857.9364714735752, 1443.2374200197055], "comb_2": [1950.6466898440144, 1747.8049369838814, 1126.3148576005744, 1909.425258669782, 1351.0624091263614, 1366.5756175182073, 1445.260605787454, 1460.1835539035346, 1303.4885727895507, 1192.6759351528196, 1423.352296310186, 1285.6034543809676, 1145.6657179349263, 1032.5082912636983, 1048.1347729394251, 2147.9190790312236, 985.4969099825285, 1771.2136475189468, 1622.5203692947553, 1736.3605027143376, 1352.0126344167506, 1333.811687901336, 1768.2021148813644, 1283.247953278632, 1249.618560031098], "comb_3": [1442.7464074247794, 1631.6361307592347, 2076.6323524980107, 1378.0974863957726, 1339.906378665144, 1296.1789412614467, 1486.4778330845666, 2106.8841840510304, 2592.6694450857717, 1361.6687356751697, 3699.2813490878484, 988.2423924980218, 2797.903004141912, 1606.9172003577814, 1182.0475461778683, 1747.659622694722, 1453.1495975428807, 1179.6770601141911, 2531.4231255990217, 1810.715441120975, 1476.647917004766, 1745.5976587176524, 1484.986692041432, 1072.0559095394738, 1308.6974346849788], "comb_4": [1452.7648570003719, 1424.3929459417404, 1441.2466517854873, 2315.358007295871, 1104.9389311934765, 1056.0635689280866, 1230.974495038441, 1133.740249500791, 2233.823118503755, 1521.4365358690907, 2724.982055171914, 1283.7241804474797, 2565.736240168857, 1101.2013661376166, 1432.959840641886, 1194.2393271796527, 2050.5581012525618, 1082.5359963214414, 2729.471601634745, 1715.9550246038766, 1582.0882009846841, 1573.8314189200655, 1538.6759433579969, 1634.150885809213, 2210.6099927112664], "comb_5": [934.268503877216, 1557.926974037043, 2378.07975972495, 1567.105622539906, 3622.578455482232, 2874.0586967298236, 1719.0875533624917, 2402.2130832125604, 2427.5709699488148, 1411.664518857672, 2001.1180280349458, 3394.110426174619, 1323.2601859408862, 1815.2963169631437, 1462.0606896079944, 1693.9374369625648, 1409.1165811797507, 2079.5756350709753, 2171.133693676692, 2100.0415064805197, 1663.0985238644994, 1979.0112932766879, 1606.5625701557726, 1535.7861058187127, 1221.92129389717], "comb_6": [3502.818262927233, 2467.333733979787, 2498.5450953805425, 1364.0825805621844, 1533.2971698956824, 1241.647972682169, 1402.4585266148858, 2333.7221977056442, 2022.6027867592406, 1413.788181975457, 1836.3008780118448, 1355.833743853146, 2065.086908095102, 1754.2644252558305, 1348.1959316412438, 1581.6407726591333, 1623.00885997458, 4956.101819970092, 1923.8831780518583, 1629.896188635707, 1145.097785367082, 2461.873783580882, 1199.0628729213608, 2990.1548460151957, 2329.932284598344]}}