{
    "f4": {
        "comb_0": [
            401.91430813377724,
            401.7739619591003,
            401.7083854726094,
            402.9627792555869,
            401.07325303057445,
            401.56180819009177,
            402.9092759643342,
            401.23253051710515,
            401.5433976057476,
            401.8031389111095,
            403.14318053875587,
            401.62728155653326,
            401.78509800773406,
            401.85509561211217,
            402.12682324841285,
            402.43778955076664,
            403.06227625341853,
            402.0198365781542,
            401.75750895453126,
            402.0908473647494,
            402.9356599156684,
            403.67629454433614,
            402.5253398210165,
            402.08712878324025,
            401.67111023978595
        ],
        "comb_1": [
            402.3237853266088,
            402.6320664742565,
            401.45465749160434,
            401.47309508390504,
            402.6617566902362,
            401.8327064237475,
            401.364857282398,
            401.97801498648136,
            402.06502719416966,
            401.36751868797813,
            401.72874594308854,
            402.07131818469554,
            401.2230310879151,
            401.91431211736915,
            401.3910974542146,
            401.8573755736199,
            401.03620601114267,
            402.26054859093904,
            402.8966992420847,
            402.6120260859262,
            402.432281105124,
            400.88652880924593,
            402.59280712660365,
            402.1037297580806,
            401.57711454544875
        ],
        "comb_2": [
            401.7025993000124,
            402.37655283419156,
            402.19942085992255,
            401.6828425189928,
            402.3970251006861,
            402.8547070942808,
            401.94331429758387,
            401.354591470583,
            401.37179026912816,
            403.0760581841976,
            402.08564281371355,
            401.81285481270476,
            402.32195928533173,
            401.4787287405582,
            401.8188438630875,
            402.31302974826866,
            402.4116849158789,
            402.4365661050805,
            401.77657807287846,
            402.684245417679,
            401.4705173745978,
            400.7418848092367,
            402.6720890268028,
            402.74876071799076,
            401.0161506833695
        ],
        "comb_3": [
            402.52575838208327,
            401.84484278535086,
            401.80417155313194,
            402.1047640818109,
            403.9736685770621,
            402.86539786858526,
            401.089558927731,
            402.1334020432955,
            401.58887292302126,
            403.0368807300817,
            403.2165664312551,
            402.8671037418954,
            403.09863729377884,
            401.0155168036346,
            402.6940960002456,
            402.02303193700413,
            402.9574199533012,
            402.3233364127038,
            401.90933433678276,
            401.21087789433983,
            401.87608613162035,
            404.1387961209998,
            401.31581462098114,
            402.4011824876188,
            401.7079423223693
        ],
        "comb_4": [
            401.1839037856218,
            401.2133944892958,
            401.90887628591435,
            402.0485139454429,
            402.1192045937274,
            402.3617823153042,
            401.52399196812166,
            401.46068271369245,
            402.47980312171666,
            402.32718429873984,
            401.2813623876201,
            401.4997058814477,
            402.1589288244493,
            401.46599021153537,
            401.33274352706337,
            402.2743472839197,
            401.8279200005997,
            401.76446984507163,
            402.38994599695627,
            402.06608726005857,
            402.1067414411331,
            401.52480709915596,
            402.01262186060296,
            401.3475450914503,
            401.49270408326527
        ],
        "comb_5": [
            401.50446970975037,
            400.4465583556265,
            403.3597800884237,
            403.984441541544,
            401.1907498349822,
            400.92446584886915,
            401.41290717640766,
            402.0334167637726,
            401.286782629641,
            401.59019806079453,
            401.88863283270763,
            402.73164553625134,
            401.89061795050884,
            401.02576669938435,
            401.067912211759,
            401.0830029158434,
            403.6479174261195,
            401.54621438526055,
            401.24637990469625,
            401.64312746234685,
            402.26919326264317,
            402.6066888399513,
            401.46533918448284,
            401.39609453515,
            401.2886157427072
        ],
        "comb_6": [
            404.0611142048967,
            400.7893490383323,
            403.010816960741,
            403.1881982724069,
            404.2997761732984,
            400.6396879462641,
            402.0017992821074,
            402.9431672711855,
            403.7471824869248,
            400.84691446604836,
            403.5177251890269,
            402.3150955387781,
            403.98991946729143,
            403.6766129387402,
            402.2045886812897,
            400.80297785176634,
            402.3786828279129,
            404.9385720862378,
            402.91767268094645,
            401.3548838488951,
            403.04498472430697,
            404.716127433377,
            404.119308808516,
            400.91717317131076,
            403.8533002402075
        ]
    },
    "f20": {
        "comb_0": [
            2218.302296517875,
            2216.63022604355,
            2435.4632026277527,
            2209.752280764361,
            2426.856655950006,
            2445.1318375805204,
            2217.387385492719,
            2426.8608511384027,
            2435.5253792097515,
            2218.333176997202,
            2445.1369194054364,
            2216.6859416622437,
            2435.49175045537,
            2218.320941145705,
            2435.5212410429217,
            2218.345981384023,
            2435.5083881233677,
            2445.1742859023466,
            2435.4986780396266,
            2433.53948052701,
            2445.2111604710317,
            2209.6697187714185,
            2228.05937563962,
            2218.3260254349357,
            2445.2537371726407
        ],
        "comb_1": [
            2435.540996531021,
            2435.484191626615,
            2214.6159608636194,
            2445.230350653969,
            2426.8231744501077,
            2209.667099538233,
            2433.4447762059353,
            2443.2287207946515,
            2218.4210056171746,
            2212.6509189448298,
            2442.5007937442033,
            2226.0549676408327,
            2421.8257947999364,
            2424.805237850009,
            2424.8329516503745,
            2218.456998683511,
            2228.026459485232,
            2435.5257326259025,
            2209.672996217762,
            2228.016652425832,
            2225.381078868846,
            2434.4778552123116,
            2440.180923709319,
            2434.5582299654093,
            2209.735567087218
        ],