{
    "f4": {
        "comb_0": [
            465.22688484021546,
            599.8707925446155,
            570.4846773410464,
            619.3565458760755,
            457.76991250427847,
            556.4678576645772,
            667.9335596131577,
            514.8279214866418,
            863.857750876304,
            484.3664832050789,
            657.8801978593388,
            488.4430960029842,
            502.01692216088736,
            536.375113190095,
            528.7639105925684,
            569.9864677184787,
            483.6252213358856,
            490.08074927321957,
            481.16271707887165,
            587.2635731662319,
            503.2041608539783,
            523.9523016131999,
            483.4036265561039,
            518.5144833781151,
            517.4786157905969
        ],
        "comb_1": [
            576.0322369247194,
            510.2549729503056,
            646.2346061084696,
            543.6510025442686,
            552.613371406066,
            493.8377131967033,
            494.9240775488207,
            775.3834276446402,
            521.7814651472809,
            529.0010725808195,
            656.7626972509049,
            443.3949096872191,
            505.75478872948565,
            493.37056552074205,
            493.91307114520055,
            464.34849538147546,
            472.67921531137057,
            549.0080850846205,
            511.14088631985703,
            480.45969243027344,
            743.8263494332809,
            649.6208556193257,
            456.66295987573875,
            488.088211411973,
            748.2119209131378
        ],
        "comb_2": [
            532.0893276302295,
            463.0481437704047,
            453.0110626345242,
            445.71664966285607,
            427.20011159684236,
            456.8031886396001,
            440.22959066148223,
            448.59127766088113,
            435.56238258187085,
            468.0344069414351,
            439.9848151656346,
            454.4549611988479,
            447.78973825054356,
            469.8008467115955,
            441.6953106312708,
            462.0272172200667,
            489.63254931799713,
            449.29952221705133,
            418.7868368750565,
            429.97365628585567,
            584.4475256455021,
            472.7393635456405,
            434.65992186904,
            450.22835884035493,
            475.07377753169146
        ],
        "comb_3": [
            558.5266018687939,
            582.5876799737099,
            521.3743864633785,
            728.9273744322782,
            424.8792864816482,
            615.3799259070277,
            548.294007674981,
            514.6071591337804,
            592.1337382989041,
            766.2574197385627,
            505.33603263767395,
            517.6468481261609,
            711.424433487681,
            632.2527810667823,
            758.8209821972132,
            540.6470639489016,
            824.0341525256688,
            618.5968275400803,
            528.1925288756838,
            526.4324060215374,
            566.9982357875022,
            665.3710964547313,
            726.1898551829149,
            474.498724534506,
            513.0757739664693
        ],
        "comb_4": [
            441.66997254998626,
            457.9826088439091,
            490.66234293637564,
            502.9598005638154,
            451.77404007290914,
            495.5018311355984,
            492.5898168893332,
            478.30220319004866,
            458.0658840359151,
            442.0034499208004,
            488.7755266137852,
            433.8460182044804,
            581.1081067516726,
            505.7556582626743,
            423.1833495333429,
            451.45852142792006,
            521.223849617944,
            433.3170651160816,
            469.77158557470284,
            443.6367918466496,
            461.5437797740617,
            649.394682441299,
            468.80330485352766,
            458.8553368615867,
            460.5999286373067
        ],
        "comb_5": [
            801.4357128928674,
            523.9204764618635,
            511.2326174613368,
            550.1724248602443,
            1064.088670080222,
            483.91746884669925,
            511.82242045509724,
            440.8929576318112,
            578.246291146656,
            527.1120643499315,
            699.1898361900292,
            651.8852472122103,
            486.9064259783829,
            564.2749524288602,
            512.9697565364061,
            470.86241792256646,
            481.10516220699947,
            551.9573612039914,
            609.2302048314691,
            714.6835691277688,
            525.7272959370662,
            438.4847776215618,
            545.7869552722605,
            521.3181541651878,
            515.8407745298274
        ],
        "comb_6": [
            501.2743223198053,
            713.2303993603164,
            922.5223616897639,
            476.32833579232044,
            434.218441353218,
            461.14388699450166,
            839.4722858918417,
            605.8303166514181,
            683.5901037960095,
            1004.9634310876413,
            470.4043836070215,
            831.8832248986184,
            516.4191857629562,
            542.3763122440781,
            630.6087017941923,
            579.2050746550309,
            834.4881705684447,
            913.2977168045497,
            756.7969039851254,
            512.7610911644433,
            631.62327518434,
            741.4153504291637,
            449.8444290744816,
            590.6360068021615,
            521.6112051607868
        ]
    },
    "f9": {
        "comb_0": [
            1859.0374005340668,
            1582.0406261143378,
            1746.0045139933663,
            1715.1120818768647,
            1876.8842043074196,
            1867.452416429162,
            1666.665569372228,
            1580.1858778498404,
            1652.5826716554197,
            1660.63821177063,
            2015.7247713772017,
            1860.9753032529677,
            1705.8967486127508,
            1729.906394938415,
            1616.920305352443,
            1782.9104261539555,
            1494.8033662783448,
            1622.5914376707408,
            1737.1068796927152,
            1669.7813936522034,
            1616.2291196832157,
            2405.528052998692,
            1583.5301809216253,
            1663.311045356028,
            1786.311335406096
        ],
        "comb_1": [
            1633.3302918846953,
            1605.6510002673922,
            1508.20676826129,
            1917.825251204772,
            2394.009973063155,
            1530.2408442224291,
            1698.578066068546,
            1981.3061356005387,
            1884.501308701986,
            2492.4526036376396,
            1718.6168552472652,
            1685.577222555879,
            2045.127692629136,
            1864.33970752993,
            1651.7210293807925,
            1819.3341699580724,
            1946.908486191916,
            1743.1864463689753,
            2401.6430422532094,
            1749.476069248101,
            1906.4932629975465,
            1505.106384309292,
            1625.320600490566,
            1840.5102152582724,
            1747.9919123001555
        ],