{
    "f4": {
        "comb_0": [
            405.65176927045104,
            404.5676723663989,
            401.17045103758045,
            405.0586864612724,
            404.6519954365926,
            404.0105116629589,
            404.49117918133396,
            403.66155241785094,
            405.7579939620391,
            405.48842259106846,
            406.5053773677078,
            404.68294790968173,
            406.3006848903402,
            403.0482147222015,
            404.95833173846825,
            404.6076942567838,
            405.45606532953934,
            402.0130221319541,
            403.6450954931313,
            403.30738112334984,
            404.90615721986455,
            404.14775222188064,
            405.3527665802087,
            405.4849341802371,
            403.5164500250773
        ],
        "comb_1": [
            402.2521518677984,
            402.91567565335345,
            403.60652523297256,
            403.4038773737515,
            404.02659376061865,
            405.82566836010244,
            405.15250044801417,
            404.179712512755,
            404.96660689008854,
            403.0999696358453,
            403.7520059513862,
            406.0518651404844,
            405.8392739345015,
            402.7447884501249,
            404.5105894494882,
            403.4602945738047,
            402.6026647820103,
            401.19317884362175,
            404.5146656196268,
            403.89804525386864,
            404.3564204912877,
            405.1863720985162,
            401.1819961614018,
            405.45565063937744,
            404.45305412058235
        ],
        "comb_2": [
            404.3232737180289,
            404.2240888187599,
            404.8494033913835,
            404.6423962974968,
            404.99555795228395,
            404.39788804414826,
            404.8010935907207,
            403.9501826791924,
            404.13349234869344,
            404.0126032519137,
            403.6443777560945,
            404.88872553682376,
            404.7893753123149,
            403.98787811413916,
            404.82307976782363,
            404.5989792667978,
            405.32732557178224,
            404.61889131122183,
            405.12392408378025,
            405.30642990834434,
            403.4060665998858,
            404.75623474768054,
            405.0568220581575,
            405.31046684621515,
            402.42219278792584
        ],
        "comb_3": [
            404.91243170086665,
            404.0665158774542,
            402.94711703152433,
            405.9677204397631,
            403.7355182607326,
            403.0251653285562,
            404.5440842664881,
            404.3650518054236,
            403.6869097977434,
            404.9886105710065,
            404.25975625542304,
            404.41567205906966,
            404.0626477074825,
            405.0237751908578,
            404.82492184811747,
            405.1266696004875,
            403.5317797450539,
            402.175171517938,
            405.3689856037804,
            405.27087963077327,
            405.0479443762411,
            404.08466973010684,
            403.4432674367672,
            403.1023807377439,
            404.59550077952224
        ],
        "comb_4": [
            404.2675068427581,
            404.31269526604257,
            404.7016880933267,
            403.405084309682,
            404.49709124335084,
            404.33144861141693,
            404.25384815372365,
            405.0583384069833,
            405.5326633188866,
            405.1655003170914,
            404.4862538284304,
            404.26810888978974,
            404.52340980983394,
            406.20079919785434,
            405.7504311250967,
            404.79946575511764,
            404.4035017851684,
            404.84012082302456,
            404.7262050403071,
            404.9601444016414,
            405.46196307857645,
            405.1918768718096,
            403.1726226646414,
            405.09961383743956,
            404.9303950189461
        ],
        "comb_5": [
            405.17058139291544,
            404.1587990422547,
            406.11012845893924,
            406.4540856002724,
            404.53217015049984,
            405.1723691784276,
            405.64396442699456,
            405.90463945114334,
            405.5543489900666,
            405.1920135507175,
            405.8958855248237,
            401.48695069565724,
            406.365459986112,
            405.28980945125414,
            403.8290349488081,
            406.34181509105315,
            406.1438231088963,
            403.9069207016052,
            406.02406693387286,
            404.62696850975505,
            406.5054438466311,
            404.3163398318071,
            404.47109515498914,
            406.1140701472023,
            402.84329267138224
        ],
        "comb_6": [
            404.39465947523394,
            404.3861328301481,
            404.5006801951427,
            402.3331562559598,
            402.6271642364242,
            404.35526733965844,
            404.1529825722755,
            401.4682172018738,
            404.17489458384256,
            402.6782924371268,
            403.79619073693686,
            405.8576872276434,
            402.83083567311655,
            405.0379672212616,
            405.0916401934205,
            404.66028900280685,
            404.02223148993824,
            404.29537898962633,
            405.20952416579627,
            404.75784687229697,
            405.7083669274582,
            404.2116295445033,
            402.63101207960375,
            405.2333793891237,
            405.90181513470765
        ]
    },
    "f20": {
        "comb_0": [
            2209.8214649786128,
            2228.162626973295,
            2228.190463617493,
            2218.5029777418235,
            2435.637236601645,
            2435.570581748787,
            2227.176336552787,
            2218.3964143593043,
            2209.819477297124,
            2435.639157514937,
            2218.517823369607,
            2209.830861627231,
            2445.2421326360814,
            2435.56809389877,
            2225.295837397875,
            2435.4838583849096,
            2228.1040571743756,
            2435.7237182598974,
            2445.225870203749,
            2427.01984456013,
            2209.7956706044324,
            2433.0624839505535,
            2228.182814606298,
            2445.447318401375,
            2218.3443268051014
        ],
        "comb_1": [
            2218.6096810319186,
            2209.7311886070497,
            2209.8008914477446,
            2433.911984718368,
            2218.3193510444726,
            2433.554454479203,
            2435.669661724281,
            2212.7364184682747,
            2214.320341450753,
            2435.595329141477,
            2218.357327890419,
            2208.7898759627883,
            2216.4229445073006,
            2218.6289935821706,
            2445.316909589022,
            2218.385573647721,
            2209.748478722853,
            2227.2130058407347,
            2209.782766908628,
            2208.243722898794,
            2228.1273729060526,
            2228.1987815913913,
            2445.398842696318,
            2228.2034377703185,
            2435.5399183522873
        ],